00C7FWGT.docx,file,3,/$360Honeypot/00C7FWGT.docx,{}
7MHTFRKO.docx,file,4,/$360Honeypot/7MHTFRKO.docx,{}
aODqpDvi.docx,file,5,/$360Honeypot/aODqpDvi.docx,{}
DxVTifmO.docx,file,6,/$360Honeypot/DxVTifmO.docx,{}
hAfcqx2c.docx,file,7,/$360Honeypot/hAfcqx2c.docx,{}
KVtxpPk4.docx,file,8,/$360Honeypot/KVtxpPk4.docx,{}
nYNkx80Z.docx,file,9,/$360Honeypot/nYNkx80Z.docx,{}
QH5OUgoZ.docx,file,10,/$360Honeypot/QH5OUgoZ.docx,{}
uJo6yz4T.docx,file,11,/$360Honeypot/uJo6yz4T.docx,{}
xLkDiOPT.docx,file,12,/$360Honeypot/xLkDiOPT.docx,{}
desktop.ini,file,17,/$RECYCLE.BIN/S-1-5-21-694617478-1269625880-3902104252-1000/desktop.ini,{}
.gitignore,file,20,/Github/BERT-NER/.gitignore,{}
.gitignore,file,22,/Github/BERT-NER/.idea/.gitignore,{}
BERT-NER.iml,file,23,/Github/BERT-NER/.idea/BERT-NER.iml,{}
profiles_settings.xml,file,25,/Github/BERT-NER/.idea/inspectionProfiles/profiles_settings.xml,{}
Project_Default.xml,file,26,/Github/BERT-NER/.idea/inspectionProfiles/Project_Default.xml,{}
misc.xml,file,27,/Github/BERT-NER/.idea/misc.xml,{}
modules.xml,file,28,/Github/BERT-NER/.idea/modules.xml,{}
vcs.xml,file,29,/Github/BERT-NER/.idea/vcs.xml,{}
workspace.xml,file,30,/Github/BERT-NER/.idea/workspace.xml,{}
build_dataset_tags.py,file,31,/Github/BERT-NER/build_dataset_tags.py,{}
analysis.py,file,33,/Github/BERT-NER/data/analysis.py,{}
dev_bio,file,35,/Github/BERT-NER/data/conll/dev_bio,{}
README.md,file,37,/Github/BERT-NER/data/conll/interactive/README.md,{}
README.md,file,38,/Github/BERT-NER/data/conll/README.md,{}
test_bio,file,39,/Github/BERT-NER/data/conll/test_bio,{}
train_bio,file,40,/Github/BERT-NER/data/conll/train_bio,{}
README.md,file,43,/Github/BERT-NER/data/msra/interactive/README.md,{}
README.md,file,44,/Github/BERT-NER/data/msra/README.md,{}
tags.txt,file,45,/Github/BERT-NER/data/msra/tags.txt,{}
sentences.txt,file,47,/Github/BERT-NER/data/msra/test/sentences.txt,{}
tags.txt,file,48,/Github/BERT-NER/data/msra/test/tags.txt,{}
test_bio,file,49,/Github/BERT-NER/data/msra/test_bio,{}
sentences.txt,file,51,/Github/BERT-NER/data/msra/train/sentences.txt,{}
tags.txt,file,52,/Github/BERT-NER/data/msra/train/tags.txt,{}
train_bio,file,53,/Github/BERT-NER/data/msra/train_bio,{}
sentences.txt,file,55,/Github/BERT-NER/data/msra/val/sentences.txt,{}
tags.txt,file,56,/Github/BERT-NER/data/msra/val/tags.txt,{}
data_loader.py,file,57,/Github/BERT-NER/data_loader.py,{}
evaluate.py,file,58,/Github/BERT-NER/evaluate.py,{}
params.json,file,61,/Github/BERT-NER/experiments/conll/params.json,{}
README.md,file,62,/Github/BERT-NER/experiments/conll/README.md,{}
config.json,file,64,/Github/BERT-NER/experiments/msra/config.json,{}
params.json,file,65,/Github/BERT-NER/experiments/msra/params.json,{}
pytorch_model.bin,file,66,/Github/BERT-NER/experiments/msra/pytorch_model.bin,{}
README.md,file,67,/Github/BERT-NER/experiments/msra/README.md,{}
train.log,file,68,/Github/BERT-NER/experiments/msra/train.log,{}
interactive.py,file,69,/Github/BERT-NER/interactive.py,{}
LICENSE,file,70,/Github/BERT-NER/LICENSE,{}
metrics.py,file,71,/Github/BERT-NER/metrics.py,{}
README.md,file,74,/Github/BERT-NER/pretrained_bert_models/bert-base-cased/README.md,{}
README.md,file,75,/Github/BERT-NER/README.md,{}
SequenceTagger.py,file,76,/Github/BERT-NER/SequenceTagger.py,{}
train.py,file,77,/Github/BERT-NER/train.py,{}
utils.py,file,78,/Github/BERT-NER/utils.py,{}
.gitignore,file,80,/Github/bert-utils/.gitignore,{}
.gitignore,file,82,/Github/bert-utils/.idea/.gitignore,{}
bert-utils.iml,file,83,/Github/bert-utils/.idea/bert-utils.iml,{}
encodings.xml,file,84,/Github/bert-utils/.idea/encodings.xml,{}
profiles_settings.xml,file,86,/Github/bert-utils/.idea/inspectionProfiles/profiles_settings.xml,{}
Project_Default.xml,file,87,/Github/bert-utils/.idea/inspectionProfiles/Project_Default.xml,{}
misc.xml,file,88,/Github/bert-utils/.idea/misc.xml,{}
modules.xml,file,89,/Github/bert-utils/.idea/modules.xml,{}
vcs.xml,file,90,/Github/bert-utils/.idea/vcs.xml,{}
workspace.xml,file,91,/Github/bert-utils/.idea/workspace.xml,{}
1.11.0,file,92,/Github/bert-utils/1.11.0,{}
args.py,file,93,/Github/bert-utils/args.py,{}
bert_vec.py,file,94,/Github/bert-utils/bert_vec.py,{}
bert_config.json,file,96,/Github/bert-utils/chinese_L-12_H-768_A-12/bert_config.json,{}
bert_model.ckpt.data-00000-of-00001,file,97,/Github/bert-utils/chinese_L-12_H-768_A-12/bert_model.ckpt.data-00000-of-00001,{}
bert_model.ckpt.index,file,98,/Github/bert-utils/chinese_L-12_H-768_A-12/bert_model.ckpt.index,{}
bert_model.ckpt.meta,file,99,/Github/bert-utils/chinese_L-12_H-768_A-12/bert_model.ckpt.meta,{}
vocab.txt,file,100,/Github/bert-utils/chinese_L-12_H-768_A-12/vocab.txt,{}
dev.csv,file,102,/Github/bert-utils/data/dev.csv,{}
test.csv,file,103,/Github/bert-utils/data/test.csv,{}
train.csv,file,104,/Github/bert-utils/data/train.csv,{}
__init__.py,file,105,/Github/bert-utils/data/__init__.py,{}
dev.csv,file,107,/Github/bert-utils/data1/dev.csv,{}
process.py,file,108,/Github/bert-utils/data1/process.py,{}
test.csv,file,109,/Github/bert-utils/data1/test.csv,{}
train.csv,file,110,/Github/bert-utils/data1/train.csv,{}
train_0.csv,file,111,/Github/bert-utils/data1/train_0.csv,{}
extract_feature.py,file,112,/Github/bert-utils/extract_feature.py,{}
graph.py,file,113,/Github/bert-utils/graph.py,{}
LICENSE,file,114,/Github/bert-utils/LICENSE,{}
modeling.py,file,115,/Github/bert-utils/modeling.py,{}
optimization.py,file,116,/Github/bert-utils/optimization.py,{}
README.md,file,117,/Github/bert-utils/README.md,{}
requirements.txt,file,118,/Github/bert-utils/requirements.txt,{}
similarity.py,file,119,/Github/bert-utils/similarity.py,{}
The BQ Corpus.pdf,file,120,/Github/bert-utils/The BQ Corpus.pdf,{}
checkpoint,file,123,/Github/bert-utils/tmp/result/checkpoint,{}
events.out.tfevents.1618296272.OS-20190319HGDK,file,124,/Github/bert-utils/tmp/result/events.out.tfevents.1618296272.OS-20190319HGDK,{}
graph,file,125,/Github/bert-utils/tmp/result/graph,{}
graph.pbtxt,file,126,/Github/bert-utils/tmp/result/graph.pbtxt,{}
model.ckpt-1093.data-00000-of-00001,file,127,/Github/bert-utils/tmp/result/model.ckpt-1093.data-00000-of-00001,{}
model.ckpt-1093.index,file,128,/Github/bert-utils/tmp/result/model.ckpt-1093.index,{}
model.ckpt-1093.meta,file,129,/Github/bert-utils/tmp/result/model.ckpt-1093.meta,{}
model.ckpt-1226.data-00000-of-00001,file,130,/Github/bert-utils/tmp/result/model.ckpt-1226.data-00000-of-00001,{}
model.ckpt-1226.index,file,131,/Github/bert-utils/tmp/result/model.ckpt-1226.index,{}
model.ckpt-1226.meta,file,132,/Github/bert-utils/tmp/result/model.ckpt-1226.meta,{}
model.ckpt-686.data-00000-of-00001,file,133,/Github/bert-utils/tmp/result/model.ckpt-686.data-00000-of-00001,{}
model.ckpt-686.index,file,134,/Github/bert-utils/tmp/result/model.ckpt-686.index,{}
model.ckpt-686.meta,file,135,/Github/bert-utils/tmp/result/model.ckpt-686.meta,{}
model.ckpt-821.data-00000-of-00001,file,136,/Github/bert-utils/tmp/result/model.ckpt-821.data-00000-of-00001,{}
model.ckpt-821.index,file,137,/Github/bert-utils/tmp/result/model.ckpt-821.index,{}
model.ckpt-821.meta,file,138,/Github/bert-utils/tmp/result/model.ckpt-821.meta,{}
model.ckpt-956.data-00000-of-00001,file,139,/Github/bert-utils/tmp/result/model.ckpt-956.data-00000-of-00001,{}
model.ckpt-956.index,file,140,/Github/bert-utils/tmp/result/model.ckpt-956.index,{}
model.ckpt-956.meta,file,141,/Github/bert-utils/tmp/result/model.ckpt-956.meta,{}
train.tf_record,file,142,/Github/bert-utils/tmp/result/train.tf_record,{}
tokenization.py,file,143,/Github/bert-utils/tokenization.py,{}
__init__.py,file,144,/Github/bert-utils/__init__.py,{}
args.cpython-36.pyc,file,146,/Github/bert-utils/__pycache__/args.cpython-36.pyc,{}
graph.cpython-36.pyc,file,147,/Github/bert-utils/__pycache__/graph.cpython-36.pyc,{}
modeling.cpython-36.pyc,file,148,/Github/bert-utils/__pycache__/modeling.cpython-36.pyc,{}
optimization.cpython-36.pyc,file,149,/Github/bert-utils/__pycache__/optimization.cpython-36.pyc,{}
tokenization.cpython-36.pyc,file,150,/Github/bert-utils/__pycache__/tokenization.cpython-36.pyc,{}
